id_user,id_shop,first_name,last_name,email
2,1,Léon, Ruxelles,leruxelles@ocpizza.com
3,1,Simon,Shame,sshame@ocpizza.com
4,2,Malik,Abderamane,mabderamane@ocpizza.com
5,2,Jérémy,Ripol,jripol@ocpizza.com
6,3,Olivier,Grouard,ogrouard@ocpizza.com
7,3,Mike,Crown,mcrown@ocpizza.com